student_id,gender,school_type,county,attendance,study_hours,math_score,english_score,science_score
1,Female,Private,Mombasa,62.1,14.3,57.6,70.2,68.6
2,Male,Public,Nairobi,91.1,7.8,45.0,62.6,63.0
3,Female,Public,Kisumu,85.0,13.0,71.4,56.6,71.6
4,Female,Public,Laikipia,86.5,7.0,50.2,57.7,43.9
5,Male,Private,Nairobi,75.4,14.5,63.8,71.7,71.7
6,Female,Public,Kisumu,84.3,7.3,55.8,63.2,60.0
7,Male,Private,Laikipia,72.4,4.0,40.9,64.6,52.2
8,Female,Private,Nairobi,74.3,8.3,54.1,63.5,60.3
9,Female,Public,Mombasa,84.2,9.2,65.7,61.3,66.3
10,Male,Public,Kisumu,80.4,15.3,91.2,61.7,63.1
11,Female,Private,Laikipia,88.3,14.7,69.2,80.2,73.5
12,Male,Private,Nairobi,79.6,17.5,71.8,71.9,70.7
13,Female,Public,Laikipia,88.6,5.5,51.8,67.7,54.0
14,Male,Public,Mombasa,83.8,18.8,86.4,80.4,72.4
15,Male,Private,Kisumu,90.0,12.6,85.9,81.1,65.0
16,Male,Private,Nairobi,78.2,8.2,54.6,58.6,40.4
17,Male,Public,Laikipia,92.0,11.5,67.7,58.6,55.5
18,Female,Public,Nakuru,76.2,3.9,62.9,50.6,48.9
19,Female,Private,Nakuru,84.0,17.2,69.2,85.7,65.9
20,Male,Private,Nairobi,93.4,8.5,54.0,66.3,51.3
21,Female,Public,Kisumu,82.0,11.0,61.9,64.5,60.0
22,Male,Public,Nairobi,79.6,18.2,73.3,72.4,68.1
23,Female,Public,Nakuru,75.3,18.2,74.1,68.9,82.7
24,Male,Private,Kisumu,83.2,1.6,56.7,49.8,61.5
25,Female,Public,Kisumu,74.7,7.1,61.2,43.8,35.5
26,Male,Private,Nakuru,87.6,9.9,68.2,67.8,57.1
27,Male,Public,Laikipia,86.6,13.3,74.7,58.2,68.0
28,Female,Public,Mombasa,84.5,4.6,55.0,65.6,51.7
29,Male,Public,Nairobi,66.1,9.4,53.6,55.1,52.9
30,Male,Public,Nakuru,71.7,2.0,55.3,58.1,46.4
31,Male,Public,Nakuru,86.7,10.6,57.4,67.1,69.2
32,Male,Private,Kisumu,72.6,16.7,71.4,65.8,67.0
33,Female,Public,Laikipia,91.2,4.7,56.6,68.1,56.5
34,Female,Public,Mombasa,67.7,4.3,51.0,46.3,38.6
35,Female,Public,Kisumu,79.1,16.2,87.2,63.2,84.8
36,Female,Private,Nairobi,94.0,11.8,66.2,63.9,67.3
37,Male,Private,Nairobi,69.7,4.5,64.4,55.1,53.6
38,Female,Public,Nakuru,100.0,1.9,57.7,52.4,55.5
39,Female,Private,Nairobi,75.7,9.0,63.9,61.5,52.2
40,Male,Private,Nakuru,73.7,11.4,75.6,67.9,71.0
41,Male,Public,Laikipia,82.1,9.1,68.6,42.4,58.3
42,Female,Private,Laikipia,71.5,9.7,62.6,78.1,62.8
43,Male,Public,Nakuru,90.6,11.6,58.9,77.7,67.9
44,Male,Private,Laikipia,74.0,8.9,57.0,57.5,53.0
45,Female,Public,Nairobi,78.3,20.2,76.6,77.4,71.7
46,Female,Private,Nakuru,82.6,11.3,78.1,59.6,71.5
47,Male,Public,Nairobi,78.4,4.4,67.6,75.6,39.0
48,Male,Public,Kisumu,67.9,2.5,52.1,63.4,44.0
49,Male,Public,Nairobi,76.0,9.6,67.7,56.1,61.0
50,Male,Public,Mombasa,89.2,5.5,66.8,66.0,57.1
51,Male,Public,Nairobi,69.4,15.1,61.3,75.6,73.9
52,Female,Private,Nairobi,78.6,9.3,66.1,66.7,58.4
53,Female,Public,Laikipia,77.5,7.3,43.5,63.6,65.6
54,Female,Private,Nakuru,68.0,5.4,58.6,66.8,62.7
55,Female,Public,Nakuru,78.2,9.1,41.0,67.7,60.8
56,Female,Private,Mombasa,69.0,10.0,58.9,48.9,56.7
57,Male,Public,Kisumu,85.7,10.6,68.8,56.9,63.6
58,Male,Public,Kisumu,91.2,9.4,52.3,56.3,54.9
59,Female,Public,Nakuru,84.8,14.4,68.6,63.1,67.8
60,Male,Public,Mombasa,72.3,6.5,58.5,54.2,69.6
61,Male,Private,Nakuru,84.3,6.8,55.4,60.6,54.0
62,Male,Public,Laikipia,99.8,11.1,69.6,71.7,61.0
63,Female,Public,Nairobi,82.5,13.7,65.8,57.6,62.8
64,Female,Private,Laikipia,88.7,6.3,61.1,60.2,56.3
65,Female,Public,Mombasa,96.1,7.8,69.8,68.5,65.2
66,Female,Private,Nakuru,73.3,12.7,77.3,71.2,70.5
67,Female,Public,Mombasa,83.2,11.1,54.2,64.7,64.5
68,Female,Public,Nakuru,91.3,9.4,69.8,69.2,74.9
69,Male,Public,Nairobi,77.6,4.4,47.1,61.4,53.8
70,Male,Public,Laikipia,90.8,2.0,54.2,55.6,50.3
71,Female,Public,Nairobi,75.0,11.0,60.4,60.3,62.6
72,Female,Public,Mombasa,73.5,14.0,53.2,61.4,68.4
73,Male,Public,Nairobi,77.8,12.7,63.8,73.7,68.4
74,Male,Public,Nairobi,81.3,9.6,51.9,60.1,52.6
75,Female,Public,Nairobi,69.7,5.9,56.8,70.2,63.3
76,Male,Private,Kisumu,76.4,7.1,61.4,73.8,60.4
77,Male,Public,Nairobi,70.5,4.5,48.5,63.0,57.9
78,Female,Public,Kisumu,83.3,12.9,72.1,70.8,73.7
79,Male,Private,Nairobi,82.3,6.3,67.8,42.9,56.9
80,Female,Public,Nairobi,78.6,15.2,74.9,78.4,67.9
81,Female,Public,Mombasa,72.2,9.1,64.9,64.9,51.6
82,Male,Public,Laikipia,71.1,3.9,59.0,52.1,60.8
83,Female,Private,Nakuru,100.0,9.0,59.8,60.4,66.6
84,Female,Public,Mombasa,87.3,13.6,75.2,71.2,78.1
85,Male,Public,Laikipia,90.3,7.0,56.1,52.1,62.0
86,Male,Public,Nairobi,80.6,7.7,52.6,68.1,53.9
87,Female,Public,Nakuru,88.2,14.4,64.1,72.7,60.1
88,Male,Public,Nairobi,79.0,12.4,69.3,48.8,68.2
89,Male,Public,Laikipia,90.5,9.8,69.2,62.9,76.1
90,Female,Private,Kisumu,73.0,13.7,76.0,67.9,70.7
91,Male,Public,Kisumu,82.1,5.9,52.2,48.9,45.0
92,Male,Public,Mombasa,77.6,3.5,51.9,61.2,53.1
93,Female,Public,Nakuru,89.1,7.5,59.8,74.6,56.2
94,Male,Private,Mombasa,77.5,9.7,70.9,66.7,57.4
95,Female,Private,Laikipia,77.3,8.1,66.2,62.7,63.1
96,Male,Public,Laikipia,84.1,5.8,55.5,40.9,69.3
97,Female,Public,Mombasa,91.6,13.4,58.9,83.8,64.6
98,Male,Private,Mombasa,70.1,12.4,70.0,78.5,55.5
99,Female,Public,Laikipia,75.2,13.1,55.4,66.7,66.5
100,Female,Public,Nairobi,82.7,8.1,57.0,60.6,67.8
101,Female,Public,Nairobi,89.9,17.2,82.3,76.1,76.8
102,Male,Public,Nakuru,96.2,12.4,58.3,73.7,56.1
103,Female,Private,Nakuru,85.8,7.5,67.2,70.2,63.2
104,Male,Public,Nakuru,80.6,5.2,63.0,70.8,48.3
105,Female,Public,Nakuru,87.0,6.0,62.4,70.4,57.1
106,Male,Private,Nakuru,75.8,13.7,53.1,69.3,70.7
107,Female,Private,Laikipia,81.1,7.6,70.9,57.8,65.8
108,Male,Public,Nakuru,86.1,8.0,61.8,63.0,53.9
109,Male,Public,Mombasa,70.1,3.7,68.6,54.3,61.4
110,Female,Public,Nairobi,71.3,3.9,53.5,48.4,53.3
111,Male,Public,Mombasa,96.6,4.6,58.0,62.7,66.8
112,Male,Public,Nairobi,76.1,10.8,73.5,54.8,76.9
113,Female,Public,Nairobi,71.6,5.5,56.2,54.9,50.0
114,Female,Private,Nairobi,80.7,3.4,54.2,69.2,40.3
115,Female,Public,Nairobi,96.4,10.0,58.1,67.3,54.1
116,Male,Public,Laikipia,90.8,11.1,61.4,61.2,67.2
117,Male,Public,Laikipia,82.3,8.4,55.3,72.9,63.7
118,Female,Public,Kisumu,78.3,15.0,53.3,65.3,66.1
119,Female,Public,Mombasa,72.3,2.0,43.1,54.5,34.4
120,Male,Public,Laikipia,84.3,16.8,64.1,61.8,74.5
121,Female,Public,Mombasa,83.5,4.5,46.8,56.3,46.1
122,Female,Public,Nairobi,100.0,10.5,68.4,63.7,57.8
123,Female,Public,Nakuru,97.7,7.6,60.0,66.4,58.9
124,Female,Public,Nakuru,77.8,20.0,79.0,88.8,72.5
125,Male,Private,Laikipia,86.7,12.7,71.4,71.0,73.2
126,Male,Private,Kisumu,89.8,8.6,57.5,59.2,59.3
127,Female,Public,Nakuru,85.2,11.5,60.0,76.7,62.0
128,Male,Public,Laikipia,96.7,9.8,67.2,73.9,64.5
129,Female,Private,Nairobi,70.6,15.2,87.6,61.7,84.9
130,Male,Private,Laikipia,86.8,8.2,69.7,67.9,64.9
131,Female,Private,Nairobi,79.9,13.6,58.2,56.2,62.9
132,Male,Public,Kisumu,75.3,8.8,65.5,58.6,59.4
133,Female,Public,Mombasa,73.3,4.3,64.8,61.2,43.5
134,Female,Public,Mombasa,86.2,11.0,68.4,64.4,61.1
135,Male,Public,Nairobi,91.3,16.6,61.9,75.0,60.6
136,Male,Public,Kisumu,87.1,14.3,61.0,62.5,56.2
137,Male,Public,Nairobi,81.3,6.4,47.4,45.9,66.0
138,Female,Private,Nairobi,86.8,11.3,77.9,75.1,65.3
139,Female,Private,Laikipia,93.7,8.4,62.5,62.8,74.8
140,Female,Public,Laikipia,73.0,7.5,51.6,60.2,61.1
141,Female,Public,Nakuru,89.1,6.5,58.4,83.2,50.2
142,Female,Public,Nairobi,92.4,11.5,69.3,63.8,58.5
143,Female,Private,Mombasa,92.1,13.5,72.5,69.4,64.1
144,Female,Public,Laikipia,76.4,7.0,66.3,40.2,51.8
145,Female,Public,Nakuru,91.2,11.9,76.8,51.7,77.4
146,Male,Public,Nairobi,85.8,13.6,75.6,80.1,59.6
147,Male,Private,Nakuru,78.0,14.9,64.7,70.8,68.2
148,Female,Public,Kisumu,78.8,9.6,69.7,53.6,65.2
149,Male,Public,Laikipia,97.3,12.6,78.6,57.3,67.3
150,Female,Public,Nairobi,90.4,7.4,60.8,49.0,55.2
151,Male,Public,Mombasa,76.6,7.4,50.9,72.0,54.2
152,Male,Public,Nairobi,86.3,13.3,76.0,59.1,51.7
153,Male,Public,Kisumu,85.3,10.1,60.6,74.4,78.3
154,Female,Private,Nairobi,83.1,1.0,57.3,57.7,72.0
155,Female,Public,Laikipia,73.4,12.2,68.1,84.5,64.3
156,Female,Public,Mombasa,86.1,15.0,63.7,71.5,84.1
157,Female,Public,Nairobi,74.3,7.7,53.5,61.4,58.2
158,Male,Public,Mombasa,76.2,12.4,61.7,75.3,54.6
159,Female,Private,Nakuru,92.9,12.1,58.7,78.7,52.8
160,Female,Public,Laikipia,78.2,7.0,62.8,63.1,66.2
161,Female,Public,Kisumu,86.9,14.0,61.6,71.6,67.6
162,Male,Public,Nakuru,76.8,19.6,76.4,76.4,76.2
163,Female,Private,Mombasa,81.8,8.7,53.8,66.1,58.0
164,Female,Public,Nakuru,91.2,9.2,63.7,55.8,67.5
165,Female,Public,Nairobi,72.8,5.6,64.0,66.4,49.1
166,Female,Public,Nakuru,78.1,8.0,66.7,55.1,71.5
167,Male,Public,Kisumu,74.0,7.4,59.0,68.9,58.4
168,Male,Public,Mombasa,79.9,14.6,64.8,66.7,66.3
169,Female,Private,Laikipia,73.9,12.0,50.9,71.7,76.0
170,Male,Private,Kisumu,100.0,12.5,66.1,86.6,77.4
171,Female,Public,Kisumu,83.0,11.1,61.7,74.4,71.7
172,Male,Private,Nakuru,79.6,1.0,54.7,68.1,37.5
173,Male,Private,Mombasa,77.5,19.9,74.5,85.0,75.0
174,Female,Public,Nairobi,88.8,11.7,70.3,63.3,49.7
175,Male,Public,Laikipia,85.5,4.5,54.4,43.9,43.9
176,Male,Private,Kisumu,63.2,13.3,77.3,69.7,70.6
177,Female,Private,Mombasa,70.9,7.7,56.2,65.9,55.3
178,Female,Public,Kisumu,95.0,9.2,60.6,54.0,68.4
179,Female,Private,Kisumu,98.1,6.8,61.9,66.7,57.5
180,Female,Public,Laikipia,77.7,9.3,74.7,63.4,57.7
181,Male,Private,Nakuru,79.7,12.3,55.1,78.0,52.8
182,Male,Private,Mombasa,71.0,11.3,76.6,62.4,67.2
183,Male,Private,Nakuru,84.8,13.5,66.8,87.9,68.7
184,Female,Public,Kisumu,86.8,6.7,54.4,62.6,52.4
185,Male,Public,Nakuru,92.1,9.2,68.7,68.7,77.2
186,Female,Private,Nairobi,79.7,11.2,57.0,61.2,85.0
187,Female,Public,Laikipia,87.2,10.2,64.7,73.3,76.7
188,Female,Private,Nairobi,84.6,6.7,58.7,65.0,68.5
189,Male,Public,Mombasa,90.0,5.4,53.4,62.5,47.8
190,Female,Public,Nakuru,77.9,18.7,78.1,72.0,81.5
191,Female,Private,Nairobi,78.9,11.9,72.3,69.1,68.3
192,Female,Public,Laikipia,74.3,11.9,60.4,73.7,67.3
193,Male,Private,Laikipia,89.2,10.2,66.0,66.3,72.4
194,Female,Public,Kisumu,62.7,3.3,60.4,57.4,35.6
195,Male,Public,Nakuru,73.8,5.9,72.4,68.5,52.0
196,Male,Private,Nakuru,61.4,10.5,76.2,73.3,53.1
197,Female,Public,Laikipia,72.0,8.8,44.1,62.4,53.8
198,Female,Private,Nairobi,77.5,13.8,71.6,64.6,72.1
199,Male,Private,Mombasa,71.0,10.2,70.4,73.3,57.1
200,Female,Public,Mombasa,70.5,6.3,37.6,54.6,50.6
201,Male,Public,Laikipia,63.8,14.8,70.8,71.3,69.4
202,Male,Public,Laikipia,85.4,13.5,60.7,74.4,70.6
203,Male,Private,Mombasa,76.9,7.5,73.1,83.2,70.9
204,Male,Private,Nakuru,86.0,11.0,75.6,63.1,59.5
205,Female,Public,Nairobi,66.0,7.5,59.6,54.6,55.2
206,Female,Public,Nairobi,93.1,5.8,64.6,61.8,54.7
207,Male,Public,Laikipia,85.2,7.6,50.8,55.0,56.6
208,Female,Private,Laikipia,100.0,7.1,70.9,69.7,79.4
209,Male,Public,Kisumu,82.7,9.3,60.9,69.5,56.2
210,Female,Public,Nairobi,91.1,8.9,59.0,65.4,62.8
211,Female,Private,Kisumu,80.3,11.0,74.0,67.3,75.2
212,Male,Private,Nakuru,76.4,5.8,60.6,71.7,56.6
213,Male,Private,Nakuru,79.0,5.8,67.4,65.9,52.9
214,Male,Public,Kisumu,87.1,21.5,84.5,75.1,70.5
215,Male,Public,Nairobi,82.0,11.1,51.4,56.4,64.5
216,Female,Private,Nairobi,88.7,6.8,64.8,74.1,43.2
217,Female,Public,Nairobi,77.3,14.9,62.4,61.1,60.6
218,Female,Public,Mombasa,83.6,6.0,52.5,67.7,64.2
219,Female,Public,Kisumu,81.6,16.1,75.4,63.5,49.3
220,Female,Public,Mombasa,81.0,8.2,64.7,71.9,67.8
221,Female,Public,Kisumu,95.7,10.2,71.6,78.9,84.4
222,Female,Private,Mombasa,73.9,10.2,78.6,62.0,69.1
223,Male,Private,Mombasa,62.2,10.3,71.4,72.7,61.0
224,Female,Public,Nairobi,72.3,8.4,71.9,66.4,68.6
225,Female,Public,Nakuru,76.6,3.2,50.6,67.2,48.0
226,Female,Public,Kisumu,70.3,9.6,59.1,52.1,63.8
227,Female,Public,Nairobi,74.5,5.6,63.3,68.8,41.2
228,Male,Public,Laikipia,78.8,13.5,58.6,53.4,81.1
229,Female,Public,Nakuru,88.4,10.2,59.8,58.4,57.7
230,Male,Private,Kisumu,82.6,12.7,55.8,68.2,76.8
231,Male,Public,Laikipia,71.4,15.2,70.6,58.8,77.3
232,Female,Public,Nairobi,69.8,9.9,55.5,77.9,59.2
233,Female,Public,Mombasa,96.5,16.1,61.6,62.9,67.1
234,Female,Public,Nairobi,72.9,10.0,63.6,69.6,60.4
235,Male,Public,Nairobi,69.1,4.2,60.1,55.5,65.7
236,Male,Private,Mombasa,66.3,10.8,72.0,54.9,82.7
237,Male,Private,Mombasa,90.1,7.1,58.2,67.5,61.2
238,Female,Public,Laikipia,76.4,12.9,62.8,67.9,62.7
239,Male,Public,Laikipia,62.6,9.8,50.7,69.6,57.4
240,Male,Public,Nakuru,79.2,10.8,57.1,67.1,62.3
241,Female,Private,Nairobi,82.7,13.5,82.3,67.8,74.1
242,Male,Private,Nakuru,79.9,11.5,69.2,76.4,64.2
243,Male,Public,Nairobi,83.5,15.0,56.1,58.5,63.6
244,Female,Public,Nakuru,78.6,10.9,59.1,65.0,62.6
245,Female,Public,Nakuru,84.5,9.2,57.6,67.3,55.5
246,Male,Public,Kisumu,73.2,7.5,60.8,60.5,57.4
247,Male,Public,Nakuru,83.1,12.5,65.0,50.3,58.1
248,Male,Public,Nairobi,75.8,13.4,47.5,75.4,59.3
249,Female,Private,Kisumu,77.6,5.9,49.4,59.9,54.9
250,Male,Public,Kisumu,64.6,8.2,57.7,70.8,49.0
251,Male,Public,Mombasa,86.7,7.9,61.8,60.3,57.1
252,Female,Public,Nakuru,79.5,12.0,43.7,71.6,72.4
253,Female,Public,Laikipia,80.5,11.8,66.9,58.9,49.5
254,Female,Public,Kisumu,74.8,10.3,49.2,64.8,68.5
255,Male,Private,Nakuru,92.4,3.2,63.0,65.5,51.8
256,Female,Private,Nairobi,84.6,7.9,65.6,61.3,70.8
257,Male,Public,Nakuru,74.1,16.4,57.3,70.6,69.3
258,Female,Public,Nairobi,86.5,11.1,66.2,62.5,50.8
259,Male,Public,Nairobi,94.6,9.2,53.0,60.4,65.4
260,Male,Public,Nairobi,80.9,8.7,53.0,72.4,57.3
261,Male,Private,Mombasa,97.5,10.7,72.4,64.0,57.3
262,Male,Public,Nairobi,77.8,15.0,74.7,61.7,82.7
263,Female,Public,Mombasa,75.3,8.4,67.4,70.2,43.8
264,Female,Public,Kisumu,80.1,13.5,60.8,62.1,79.1
265,Male,Public,Mombasa,84.1,5.4,71.5,56.4,59.2
266,Male,Public,Nakuru,95.3,8.1,70.1,56.9,68.4
267,Male,Private,Kisumu,86.8,12.2,72.0,72.4,72.3
268,Female,Private,Nairobi,77.3,16.4,77.2,67.9,59.4
269,Female,Public,Nakuru,92.9,7.7,76.1,63.8,59.3
270,Male,Private,Kisumu,100.0,13.1,94.7,61.9,72.1
271,Female,Public,Nakuru,95.5,7.2,60.4,77.9,61.3
272,Female,Private,Kisumu,74.3,5.4,58.6,58.6,55.6
273,Female,Public,Nakuru,73.2,10.7,74.6,65.1,68.3
274,Female,Public,Mombasa,86.7,10.5,62.6,69.9,66.2
275,Female,Public,Nakuru,89.2,19.2,54.0,83.9,82.3
276,Male,Public,Nakuru,86.2,10.2,76.2,63.1,56.8
277,Female,Public,Kisumu,74.5,9.7,59.8,67.8,56.2
278,Female,Public,Mombasa,96.4,6.4,69.1,75.3,75.3
279,Male,Public,Nairobi,80.5,19.8,72.3,68.8,88.7
280,Male,Public,Nakuru,79.7,17.2,65.2,62.3,64.6
281,Male,Public,Nairobi,83.5,10.1,55.4,61.1,67.4
282,Female,Public,Nakuru,68.8,11.0,65.0,53.3,58.2
283,Female,Private,Kisumu,64.5,17.4,61.7,51.6,63.9
284,Female,Public,Kisumu,81.5,11.4,63.3,78.8,59.0
285,Male,Public,Nakuru,86.1,10.7,69.8,55.5,58.4
286,Male,Public,Laikipia,89.3,13.3,62.4,82.7,74.7
287,Female,Public,Kisumu,74.3,5.1,43.6,58.0,50.6
288,Male,Public,Mombasa,92.0,16.0,62.2,79.9,73.3
289,Male,Public,Mombasa,76.9,6.8,61.9,65.1,63.5
290,Male,Public,Laikipia,80.2,3.1,62.5,56.1,57.9
291,Female,Public,Nairobi,86.0,6.6,58.2,78.3,64.6
292,Female,Private,Mombasa,84.3,7.5,55.1,68.7,54.4
293,Female,Public,Nakuru,62.0,4.5,65.5,52.2,52.5
294,Female,Public,Mombasa,64.9,14.9,62.5,61.9,71.1
295,Male,Public,Nakuru,65.2,6.3,51.2,60.7,49.7
296,Male,Public,Mombasa,100.0,8.2,60.0,61.9,72.4
297,Male,Private,Nakuru,79.8,8.1,65.6,61.5,56.8
298,Male,Private,Nakuru,86.7,15.5,66.0,75.9,82.1
299,Male,Public,Kisumu,81.4,8.8,58.8,63.6,66.1
300,Female,Public,Laikipia,87.1,14.4,63.9,62.2,59.7
301,Male,Private,Nakuru,73.2,7.6,65.4,72.1,52.4
302,Male,Public,Laikipia,91.5,17.3,72.0,65.6,66.1
303,Female,Private,Laikipia,65.4,6.0,53.0,73.3,43.4
304,Male,Private,Nairobi,78.4,1.1,65.2,63.3,49.9
305,Male,Public,Nakuru,88.9,12.0,75.3,76.2,81.1
306,Female,Private,Nakuru,82.7,7.0,64.7,62.8,57.5
307,Female,Public,Nairobi,87.9,15.1,63.4,75.9,79.6
308,Female,Public,Nakuru,82.6,9.2,53.8,56.4,56.6
309,Female,Public,Nairobi,90.5,13.3,62.8,72.7,70.5
310,Male,Private,Kisumu,70.8,5.6,65.6,60.9,61.4
311,Female,Public,Nairobi,80.8,16.4,69.9,85.9,71.9
312,Female,Public,Nakuru,86.2,11.8,54.9,75.9,77.8
313,Female,Private,Nairobi,95.1,6.3,66.6,70.7,68.8
314,Female,Private,Kisumu,86.0,9.7,69.7,82.3,79.3
315,Male,Public,Mombasa,66.6,7.0,53.1,43.1,58.4
316,Female,Private,Nakuru,75.8,14.1,74.2,62.9,68.5
317,Female,Public,Mombasa,84.3,8.5,51.4,55.5,62.8
318,Female,Public,Kisumu,82.6,9.5,68.5,58.0,53.9
319,Female,Public,Nairobi,85.2,8.6,53.1,72.3,57.7
320,Male,Public,Kisumu,78.0,8.0,44.0,69.0,60.9
321,Female,Private,Nairobi,100.0,2.5,47.6,49.9,62.3
322,Male,Public,Nairobi,85.5,12.5,64.3,81.7,70.5
323,Male,Private,Mombasa,99.8,9.0,68.3,59.3,69.0
324,Male,Private,Nakuru,77.1,7.0,62.9,61.3,72.2
325,Female,Private,Kisumu,65.8,6.9,74.6,61.1,59.3
326,Female,Private,Nakuru,81.2,12.7,60.4,75.0,85.1
327,Female,Public,Mombasa,74.3,10.0,51.7,72.4,57.2
328,Male,Public,Kisumu,83.7,8.6,55.1,62.1,57.0
329,Female,Public,Nairobi,91.9,8.4,57.5,59.9,62.0
330,Male,Public,Kisumu,86.9,10.9,55.8,66.1,52.5
331,Female,Public,Kisumu,86.3,15.2,77.7,84.6,80.6
332,Male,Public,Laikipia,82.0,12.1,68.5,62.2,53.9
333,Male,Private,Laikipia,87.5,12.1,76.4,71.1,75.1
334,Female,Public,Nakuru,87.3,15.4,68.8,73.4,56.3
335,Male,Public,Nairobi,81.5,5.7,52.5,47.2,53.6
336,Female,Public,Nairobi,79.0,5.2,63.8,65.3,60.5
337,Male,Public,Nakuru,89.5,7.0,45.0,60.3,69.8
338,Male,Public,Nakuru,87.1,13.4,64.4,73.5,55.1
339,Female,Public,Mombasa,88.8,6.5,60.3,61.0,65.4
340,Male,Public,Mombasa,95.0,12.9,69.5,65.6,75.7
341,Male,Private,Kisumu,78.9,7.2,63.1,48.0,60.5
342,Male,Public,Nairobi,71.5,12.4,58.5,61.7,71.8
343,Female,Public,Mombasa,88.6,12.8,57.4,51.9,69.5
344,Male,Public,Laikipia,75.6,10.6,54.9,64.5,55.0
345,Female,Public,Laikipia,67.5,9.0,64.7,77.9,68.8
346,Male,Public,Nairobi,93.2,15.4,74.0,71.4,56.7
347,Female,Public,Mombasa,80.2,14.7,65.4,80.4,66.6
348,Male,Private,Mombasa,79.7,9.3,69.0,72.9,70.2
349,Male,Public,Kisumu,75.0,4.4,67.8,50.0,59.4
350,Female,Public,Nakuru,95.2,9.4,64.4,61.8,75.1
351,Male,Public,Mombasa,87.0,18.1,73.6,79.4,78.8
352,Male,Public,Nairobi,86.8,8.8,51.1,72.6,42.4
353,Female,Public,Mombasa,84.7,14.6,75.1,63.6,77.6
354,Female,Public,Kisumu,86.4,11.2,54.4,68.7,67.2
355,Female,Private,Laikipia,75.3,15.4,74.9,57.3,80.0
356,Female,Public,Nakuru,97.6,10.2,58.2,67.5,72.1
357,Male,Private,Nakuru,69.8,12.6,72.8,64.0,75.2
358,Female,Public,Mombasa,78.3,15.1,72.3,72.9,68.5
359,Male,Public,Nakuru,77.6,16.6,68.7,76.0,73.9
360,Female,Private,Mombasa,100.0,14.3,77.1,66.5,67.5
361,Male,Public,Nairobi,80.1,12.1,54.0,66.5,54.4
362,Male,Public,Laikipia,83.6,9.2,69.3,78.6,65.7
363,Female,Public,Nakuru,76.7,1.9,56.3,67.8,62.8
364,Female,Private,Nairobi,97.3,7.4,60.9,61.2,57.9
365,Female,Public,Nairobi,86.8,1.0,43.5,48.0,51.9
366,Female,Private,Nairobi,81.8,5.5,62.3,56.1,60.5
367,Female,Private,Laikipia,98.8,5.9,50.4,80.1,57.9
368,Female,Public,Mombasa,65.1,3.0,43.5,38.8,43.2
369,Female,Public,Laikipia,64.5,7.7,39.9,54.5,62.9
370,Female,Public,Nakuru,70.8,7.6,44.1,70.9,58.7
371,Female,Private,Nairobi,92.2,14.4,76.1,82.0,73.7
372,Female,Public,Nairobi,68.1,12.3,58.0,80.4,68.4
373,Male,Public,Mombasa,78.9,11.7,69.0,66.2,53.6
374,Male,Public,Nairobi,94.8,15.6,65.5,74.6,85.3
375,Female,Public,Mombasa,90.7,14.3,74.9,73.0,66.7
376,Male,Public,Kisumu,91.8,5.2,32.5,59.8,57.0
377,Male,Public,Laikipia,88.9,5.2,51.8,64.2,50.4
378,Male,Public,Laikipia,85.4,9.4,59.8,57.0,63.2
379,Male,Public,Nairobi,91.8,12.0,74.8,70.3,57.2
380,Female,Private,Nairobi,93.0,10.8,78.5,72.0,66.7
381,Female,Private,Mombasa,75.4,11.8,63.3,57.1,61.2
382,Female,Public,Nakuru,100.0,12.6,64.5,78.7,49.3
383,Female,Public,Nairobi,80.0,11.9,60.2,57.7,63.8
384,Male,Public,Laikipia,84.0,13.7,79.9,72.5,72.2
385,Female,Public,Nairobi,93.0,1.1,64.4,53.9,65.9
386,Male,Public,Kisumu,88.5,9.4,62.5,48.3,48.6
387,Female,Public,Kisumu,89.6,11.4,63.9,72.0,61.6
388,Male,Public,Mombasa,70.5,14.1,59.5,57.8,61.1
389,Female,Public,Mombasa,82.9,8.3,62.3,70.4,62.9
390,Female,Public,Kisumu,79.5,1.0,52.1,61.9,48.8
391,Female,Public,Laikipia,89.8,9.3,69.7,76.5,70.3
392,Male,Public,Nairobi,84.2,13.1,76.5,67.8,52.5
393,Male,Public,Nairobi,84.3,3.2,57.2,49.5,47.8
394,Male,Private,Nairobi,80.4,5.0,79.9,63.3,59.7
395,Male,Public,Nakuru,69.2,11.0,68.7,62.3,48.9
396,Male,Private,Kisumu,97.3,7.1,73.6,66.6,58.3
397,Female,Private,Mombasa,100.0,18.2,75.2,80.0,72.6
398,Male,Private,Nairobi,86.8,16.3,66.5,65.3,73.5
399,Female,Public,Nakuru,89.6,9.8,64.6,68.6,60.5
400,Female,Private,Laikipia,91.7,8.9,59.8,69.5,61.3
401,Female,Public,Nairobi,93.8,7.3,55.2,69.4,72.6
402,Male,Public,Nairobi,68.1,17.1,69.5,70.7,68.8
403,Female,Public,Mombasa,83.7,6.1,40.5,63.9,56.9
404,Female,Public,Mombasa,85.0,17.2,74.5,77.2,81.6
405,Male,Public,Nairobi,91.5,8.4,60.6,65.2,66.1
406,Male,Private,Nakuru,84.5,8.1,53.1,76.1,57.8
407,Male,Public,Mombasa,80.1,1.0,39.8,57.0,50.2
408,Male,Public,Mombasa,77.2,4.3,46.5,43.8,52.7
409,Female,Public,Nairobi,85.7,1.0,30.0,50.9,63.5
410,Female,Public,Nakuru,97.2,6.6,63.8,58.3,69.8
411,Female,Public,Laikipia,84.6,10.5,67.1,71.3,70.4
412,Female,Public,Kisumu,86.1,14.8,67.5,65.7,57.3
413,Male,Private,Kisumu,82.5,8.0,52.8,54.5,67.5
414,Male,Public,Laikipia,79.8,19.3,68.8,73.7,64.2
415,Female,Private,Nairobi,72.4,10.3,54.4,59.1,70.1
416,Male,Public,Nairobi,80.1,9.2,61.9,66.0,62.9
417,Male,Private,Nakuru,57.3,14.1,81.3,63.5,70.9
418,Male,Public,Mombasa,81.3,12.3,54.2,73.5,71.3
419,Female,Public,Nakuru,79.4,8.3,58.0,69.4,51.5
420,Female,Public,Kisumu,68.5,6.4,57.3,57.4,60.0
421,Male,Public,Nairobi,60.3,15.3,68.7,52.2,69.1
422,Female,Public,Laikipia,79.5,9.9,70.6,57.8,57.1
423,Male,Public,Nakuru,83.1,11.7,70.0,55.6,74.2
424,Female,Public,Laikipia,87.2,16.0,66.2,64.2,71.7
425,Male,Public,Kisumu,77.8,5.3,53.6,67.8,59.0
426,Female,Public,Mombasa,86.2,15.8,71.6,75.5,64.6
427,Female,Private,Nairobi,63.6,3.1,48.1,59.1,49.6
428,Female,Public,Mombasa,84.4,9.0,69.1,59.6,49.1
429,Male,Public,Nairobi,86.7,15.1,68.9,52.5,78.9
430,Male,Public,Nakuru,73.2,5.2,51.8,59.7,49.4
431,Female,Public,Mombasa,87.0,13.1,56.1,63.8,54.6
432,Male,Public,Nairobi,89.1,6.8,54.1,62.6,49.1
433,Female,Public,Nakuru,75.7,12.8,69.2,79.6,64.5
434,Male,Public,Nairobi,97.4,14.9,70.0,68.5,91.5
435,Male,Public,Mombasa,94.2,12.1,65.6,67.1,76.9
436,Male,Private,Mombasa,92.1,6.6,65.5,63.6,59.5
437,Female,Private,Nakuru,92.3,12.2,70.3,69.2,73.4
438,Female,Public,Mombasa,83.4,10.1,60.6,61.0,74.2
439,Female,Private,Nairobi,74.6,7.4,58.7,67.2,49.4
440,Female,Public,Kisumu,77.0,6.8,54.8,47.3,61.1
441,Female,Public,Laikipia,100.0,15.9,83.1,61.8,64.0
442,Male,Public,Mombasa,79.5,6.1,45.1,64.0,53.7
443,Female,Public,Mombasa,78.4,8.4,59.0,53.9,66.1
444,Female,Public,Nakuru,81.1,8.4,82.1,59.5,60.1
445,Female,Public,Mombasa,70.5,5.7,63.4,60.5,67.6
446,Male,Private,Mombasa,66.3,4.5,56.4,62.4,43.4
447,Male,Private,Mombasa,74.0,7.1,64.4,58.9,72.5
448,Female,Public,Nairobi,81.4,14.6,63.9,71.4,64.1
449,Female,Public,Nairobi,79.9,10.1,62.8,66.0,53.3
450,Male,Private,Nairobi,99.8,13.7,78.6,75.7,75.5
451,Female,Private,Kisumu,82.0,20.2,66.8,69.9,69.5
452,Female,Private,Laikipia,86.4,14.3,77.1,77.2,55.5
453,Female,Public,Laikipia,65.9,10.0,61.9,62.1,59.9
454,Female,Private,Nakuru,85.7,10.6,68.4,72.2,68.7
455,Male,Private,Laikipia,89.3,11.5,60.3,75.2,77.7
456,Male,Public,Nairobi,88.3,14.5,90.1,69.4,62.7
457,Female,Public,Mombasa,91.6,6.3,63.3,54.1,64.4
458,Male,Public,Nakuru,88.1,8.7,60.1,71.3,59.6
459,Female,Public,Nakuru,88.3,11.9,62.2,50.9,63.2
460,Female,Public,Nairobi,86.2,6.2,61.9,56.0,55.8
461,Female,Private,Mombasa,75.6,12.5,72.1,79.0,59.3
462,Female,Private,Mombasa,100.0,6.1,79.1,78.1,75.3
463,Female,Public,Nakuru,100.0,15.3,88.2,70.7,76.7
464,Female,Private,Laikipia,93.3,10.1,77.8,57.0,64.4
465,Female,Private,Laikipia,87.2,12.3,78.4,78.2,76.4
466,Female,Public,Nakuru,82.0,8.1,57.7,73.5,53.6
467,Female,Private,Nairobi,95.8,11.4,70.0,75.8,79.9
468,Female,Public,Nairobi,73.3,9.3,59.6,54.3,47.4
469,Male,Public,Nairobi,73.6,7.1,42.3,55.4,46.4
470,Female,Public,Nakuru,92.4,9.4,61.5,59.0,58.6
471,Female,Public,Nakuru,67.5,12.2,58.1,80.6,74.7
472,Male,Private,Mombasa,73.4,7.2,56.3,62.5,55.2
473,Female,Public,Mombasa,75.8,12.8,84.6,70.5,63.7
474,Female,Private,Laikipia,82.2,3.4,48.4,63.7,69.5
475,Male,Public,Nairobi,83.2,15.7,64.0,84.1,67.0
476,Male,Private,Mombasa,64.9,8.8,62.6,42.5,54.8
477,Female,Public,Laikipia,76.0,11.8,65.4,71.0,68.7
478,Female,Public,Kisumu,100.0,9.8,71.8,71.7,62.8
479,Male,Public,Nairobi,79.5,12.4,60.7,60.0,67.9
480,Female,Private,Nairobi,81.4,8.9,74.6,75.0,58.6
481,Male,Private,Nairobi,92.4,8.5,46.9,77.1,53.3
482,Female,Public,Kisumu,77.5,10.4,66.3,63.8,54.6
483,Male,Public,Nairobi,68.6,14.9,63.0,55.3,71.3
484,Male,Private,Laikipia,72.3,8.8,57.1,66.8,66.9
485,Male,Public,Laikipia,91.4,13.8,66.2,67.8,77.0
486,Female,Private,Laikipia,88.3,9.1,62.8,64.0,59.6
487,Female,Private,Mombasa,83.0,13.3,79.2,60.8,76.3
488,Male,Public,Nairobi,88.3,17.5,75.1,71.0,60.0
489,Male,Private,Mombasa,82.9,9.3,62.7,78.4,61.2
490,Male,Public,Nairobi,84.4,14.6,62.7,68.2,70.7
491,Male,Private,Kisumu,83.1,7.0,59.0,72.5,73.8
492,Male,Public,Nakuru,97.8,7.7,66.5,63.2,58.1
493,Male,Public,Nakuru,100.0,8.1,74.8,64.9,61.1
494,Female,Private,Kisumu,81.5,10.7,74.7,74.6,67.4
495,Male,Public,Laikipia,71.8,9.8,54.8,44.1,64.6
496,Male,Public,Kisumu,65.7,6.3,44.4,60.7,44.8
497,Male,Public,Nakuru,84.6,11.9,70.9,81.3,60.2
498,Male,Private,Laikipia,50.7,9.8,48.7,65.2,58.6
499,Male,Private,Nakuru,78.5,8.1,69.5,58.0,74.8
500,Female,Private,Nairobi,73.4,11.2,69.5,63.0,60.1
501,Female,Public,Nakuru,88.3,13.6,49.9,66.9,56.9
502,Male,Public,Mombasa,84.4,10.8,75.5,67.2,71.3
503,Female,Public,Mombasa,74.1,14.6,63.6,62.6,69.4
504,Male,Public,Mombasa,84.6,6.6,57.8,54.2,54.3
505,Male,Private,Mombasa,85.9,12.6,72.1,74.9,65.9
506,Male,Private,Kisumu,67.9,13.7,57.8,66.8,51.1
507,Female,Public,Nairobi,78.5,7.2,56.5,42.7,59.0
508,Male,Public,Nairobi,73.5,1.1,38.6,57.8,61.8
509,Male,Private,Mombasa,86.0,10.7,71.1,69.6,61.7
510,Female,Private,Nairobi,90.7,2.4,64.8,62.1,50.7
511,Male,Private,Nairobi,86.4,11.4,65.5,62.0,75.1
512,Female,Private,Nairobi,78.0,14.3,64.9,64.5,62.0
513,Male,Public,Laikipia,78.2,7.2,60.9,57.2,61.3
514,Female,Public,Nairobi,74.3,10.7,57.9,72.2,69.5
515,Male,Public,Mombasa,76.1,4.8,42.9,51.5,44.1
516,Female,Private,Laikipia,85.3,10.7,70.2,78.0,71.8
517,Female,Public,Kisumu,83.7,10.0,72.3,69.7,62.7
518,Female,Public,Kisumu,74.7,7.8,46.3,60.1,68.9
519,Female,Public,Mombasa,88.6,13.5,53.6,60.9,74.8
520,Male,Public,Nakuru,91.2,8.4,62.5,69.2,58.9
521,Female,Public,Mombasa,85.2,6.8,69.3,58.9,56.2
522,Female,Public,Nairobi,77.6,8.7,53.7,45.8,68.6
523,Male,Private,Laikipia,77.8,9.8,65.3,54.0,73.4
524,Female,Public,Nairobi,68.9,15.1,57.3,64.3,69.4
525,Female,Private,Nakuru,95.0,12.3,78.5,70.0,76.1
526,Female,Public,Nairobi,70.3,11.1,49.3,70.5,58.9
527,Male,Private,Mombasa,82.4,12.4,65.0,76.9,64.6
528,Male,Public,Laikipia,82.4,9.5,45.3,68.7,64.1
529,Female,Public,Kisumu,77.0,7.9,47.0,75.3,51.8
530,Female,Public,Mombasa,67.9,4.8,49.9,53.9,57.6
531,Female,Public,Laikipia,80.3,5.7,44.4,69.9,44.3
532,Female,Private,Nakuru,93.3,5.7,61.2,73.0,70.2
533,Female,Private,Mombasa,85.5,17.7,83.0,53.2,75.8
534,Male,Private,Nakuru,80.2,10.2,62.4,72.8,58.8
535,Male,Public,Mombasa,80.3,9.6,62.9,88.4,55.5
536,Male,Private,Nairobi,87.3,7.9,73.3,73.6,61.7
537,Female,Public,Kisumu,76.7,12.5,70.0,74.3,60.7
538,Male,Private,Nairobi,67.1,12.1,65.6,92.2,77.1
539,Male,Private,Nairobi,81.8,6.5,68.5,50.1,56.0
540,Male,Private,Nairobi,69.7,8.8,58.5,61.6,69.4
541,Male,Public,Nairobi,75.1,9.2,67.9,67.7,55.4
542,Female,Public,Kisumu,85.4,16.0,65.6,75.2,79.3
543,Male,Public,Mombasa,90.3,15.3,67.2,64.0,62.8
544,Female,Public,Nairobi,82.6,9.6,61.2,74.1,54.6
545,Male,Public,Nairobi,66.3,4.1,39.2,49.8,45.9
546,Male,Public,Laikipia,84.2,4.7,54.8,66.6,63.6
547,Male,Public,Nairobi,79.4,17.0,70.3,68.7,50.0
548,Female,Private,Mombasa,88.4,11.6,70.4,63.0,69.4
549,Female,Private,Kisumu,81.3,13.3,64.4,60.7,74.5
550,Female,Public,Nakuru,80.6,6.5,58.8,69.0,52.4
551,Male,Public,Mombasa,75.5,7.6,52.7,63.7,51.1
552,Male,Public,Mombasa,68.3,3.6,52.3,47.4,55.8
553,Female,Private,Laikipia,86.6,9.4,69.2,66.0,69.0
554,Male,Public,Mombasa,80.0,10.5,67.4,54.6,51.5
555,Male,Public,Mombasa,62.4,5.3,65.1,58.6,61.0
556,Male,Public,Nairobi,83.7,8.9,70.2,49.6,57.5
557,Male,Public,Laikipia,91.5,10.8,71.6,60.9,59.3
558,Male,Public,Nakuru,81.6,11.8,46.8,66.5,56.8
559,Male,Public,Mombasa,80.6,11.8,54.2,74.2,60.1
560,Female,Private,Nairobi,82.3,9.5,74.8,70.0,59.7
561,Female,Private,Nairobi,81.7,15.0,67.5,80.5,74.2
562,Female,Private,Nakuru,76.6,9.0,60.3,78.1,62.2
563,Female,Public,Nakuru,83.4,5.8,46.9,76.4,48.7
564,Male,Public,Laikipia,54.9,9.8,58.4,55.0,59.6
565,Male,Private,Laikipia,77.2,10.3,48.8,73.3,61.1
566,Male,Public,Nairobi,95.8,9.5,59.1,50.4,69.2
567,Female,Private,Kisumu,85.6,8.0,57.9,82.8,66.5
568,Male,Public,Nairobi,76.1,7.5,55.3,49.2,63.6
569,Female,Public,Nakuru,88.3,8.3,64.0,75.0,61.0
570,Female,Public,Nakuru,64.1,4.2,57.3,62.8,46.9
571,Female,Public,Laikipia,89.7,9.9,62.5,65.3,46.9
572,Male,Private,Kisumu,82.7,9.9,64.0,71.6,66.6
573,Male,Private,Kisumu,96.2,18.0,85.7,92.4,78.3
574,Male,Private,Nairobi,63.7,16.8,58.9,64.4,71.8
575,Male,Private,Laikipia,96.0,13.1,70.0,73.3,62.0
576,Female,Public,Mombasa,62.6,15.6,68.0,56.6,70.4
577,Male,Public,Kisumu,71.2,13.6,65.5,81.9,68.2
578,Male,Public,Mombasa,100.0,9.1,70.4,56.6,56.9
579,Male,Private,Mombasa,74.1,5.3,55.5,58.4,67.3
580,Male,Public,Nairobi,77.2,10.3,64.0,57.9,49.3
581,Female,Private,Nakuru,84.6,11.0,78.7,84.8,64.4
582,Male,Public,Kisumu,83.3,1.0,50.4,50.2,54.2
583,Male,Public,Nairobi,82.9,14.9,71.7,68.1,67.0
584,Female,Private,Kisumu,81.2,9.3,66.0,64.8,53.7
585,Female,Public,Laikipia,67.0,12.1,65.4,71.0,64.5
586,Male,Public,Kisumu,74.1,14.3,66.0,77.4,59.3
587,Female,Public,Laikipia,83.5,6.5,54.8,62.5,60.3
588,Female,Public,Kisumu,62.3,9.4,47.5,59.9,50.7
589,Female,Public,Laikipia,99.2,6.2,60.6,60.6,65.7
590,Male,Public,Laikipia,83.7,9.2,67.0,58.1,64.2
591,Female,Public,Nakuru,68.7,11.2,67.8,58.1,54.9
592,Male,Public,Nakuru,69.0,12.8,62.5,75.3,62.0
593,Female,Public,Nakuru,81.9,8.7,49.9,74.4,63.8
594,Female,Public,Laikipia,67.8,11.7,62.3,41.5,59.8
595,Female,Private,Nakuru,80.8,12.8,71.7,64.4,67.9
596,Female,Public,Nairobi,65.6,3.9,57.1,56.3,48.2
597,Female,Public,Mombasa,79.5,10.5,60.5,70.1,60.5
598,Male,Private,Nairobi,88.9,17.0,83.8,76.0,70.6
599,Male,Public,Mombasa,88.7,12.5,57.9,74.3,82.2
600,Female,Private,Kisumu,73.9,9.7,62.2,65.3,66.3
601,Female,Public,Nairobi,86.9,13.7,60.1,76.4,79.7
602,Male,Public,Nairobi,80.2,9.1,55.8,60.5,56.0
603,Male,Public,Nairobi,81.7,8.7,51.3,69.3,56.4
604,Female,Public,Nakuru,94.8,6.8,61.9,55.7,61.5
605,Female,Private,Mombasa,91.0,6.0,66.7,71.9,60.1
606,Female,Public,Nairobi,67.5,7.7,54.0,55.4,64.2
607,Male,Private,Kisumu,93.4,4.0,55.3,55.7,66.9
608,Male,Public,Nairobi,85.5,11.2,62.3,59.3,64.2
609,Male,Public,Nakuru,84.9,7.3,61.0,57.9,60.2
610,Female,Public,Nairobi,95.3,11.3,58.8,53.2,70.6
611,Female,Public,Nakuru,82.4,7.5,70.1,70.9,57.2
612,Female,Public,Nairobi,69.4,8.3,44.5,62.8,52.9
613,Male,Private,Kisumu,75.2,10.8,78.1,72.2,58.4
614,Male,Public,Nairobi,78.9,8.8,51.0,63.2,71.5
615,Female,Public,Mombasa,74.8,14.7,55.6,66.1,64.7
616,Female,Private,Kisumu,79.4,17.2,75.7,79.7,82.4
617,Female,Private,Mombasa,83.0,16.0,73.2,69.4,73.6
618,Female,Private,Nakuru,77.9,6.9,62.8,78.7,62.5
619,Female,Private,Nairobi,96.3,11.8,63.1,74.9,60.9
620,Female,Private,Nairobi,85.4,11.6,66.7,75.1,52.7
621,Female,Private,Mombasa,77.9,8.2,67.2,66.5,70.1
622,Male,Public,Nairobi,87.8,7.2,51.3,71.1,50.3
623,Female,Private,Mombasa,81.1,6.7,61.4,60.0,62.4
624,Female,Public,Nairobi,84.6,16.0,79.7,70.7,71.3
625,Female,Private,Mombasa,100.0,15.2,78.1,77.0,60.1
626,Female,Public,Kisumu,91.5,10.5,64.2,61.1,75.9
627,Male,Public,Nakuru,85.1,11.1,48.3,69.7,56.3
628,Male,Public,Nakuru,89.0,7.1,46.5,63.7,53.7
629,Female,Private,Kisumu,79.6,11.3,78.4,64.8,75.5
630,Male,Public,Mombasa,79.7,15.9,71.2,58.5,64.6
631,Female,Public,Laikipia,99.8,9.4,73.6,68.9,72.6
632,Male,Public,Nakuru,94.0,9.7,63.3,56.6,49.4
633,Male,Public,Mombasa,81.3,11.6,65.1,54.8,50.8
634,Male,Private,Mombasa,74.1,15.0,57.8,69.0,71.7
635,Female,Public,Mombasa,91.3,13.5,57.7,56.1,51.6
636,Female,Private,Kisumu,76.0,7.5,73.3,72.9,62.0
637,Male,Public,Laikipia,68.4,4.0,48.8,72.3,40.1
638,Female,Public,Nakuru,79.5,10.4,75.1,63.9,58.9
639,Female,Public,Mombasa,80.0,11.4,62.2,63.9,77.9
640,Female,Private,Kisumu,78.8,1.4,63.6,53.3,44.9
641,Female,Public,Mombasa,87.4,7.6,64.0,59.2,65.2
642,Female,Private,Nairobi,88.7,16.6,81.8,81.8,65.1
643,Male,Public,Nakuru,94.0,17.5,62.9,83.1,89.7
644,Female,Private,Nakuru,66.0,7.9,65.4,52.7,63.7
645,Male,Public,Nakuru,80.5,12.6,76.3,61.8,64.8
646,Male,Public,Laikipia,91.1,13.7,55.5,68.3,78.2
647,Male,Public,Kisumu,89.5,6.7,49.8,69.2,53.5
648,Male,Public,Nairobi,64.0,1.0,44.0,47.2,57.1
649,Female,Public,Kisumu,60.4,11.2,63.7,61.4,64.8
650,Male,Private,Laikipia,90.2,5.5,54.7,75.0,67.0
651,Male,Private,Kisumu,85.9,14.7,76.2,83.7,57.4
652,Female,Public,Laikipia,83.2,5.0,51.1,50.4,48.0
653,Female,Public,Nairobi,96.4,8.0,65.1,68.9,61.3
654,Male,Public,Nakuru,100.0,17.0,74.0,74.4,80.9
655,Male,Public,Nairobi,84.4,11.4,62.2,61.8,60.3
656,Male,Private,Nairobi,87.5,12.2,75.3,68.7,70.3
657,Female,Public,Laikipia,84.4,9.7,65.0,68.4,68.1
658,Female,Public,Nakuru,76.3,10.2,76.4,49.9,67.9
659,Female,Private,Mombasa,80.1,11.5,69.0,64.9,73.4
660,Female,Private,Nairobi,95.8,9.0,58.8,57.3,73.0
661,Male,Public,Kisumu,74.5,9.2,46.8,73.2,58.6
662,Female,Public,Mombasa,80.5,14.2,66.8,66.5,60.0
663,Female,Public,Kisumu,67.8,9.5,61.8,62.7,56.6
664,Male,Public,Nairobi,85.8,6.8,56.0,54.1,61.5
665,Female,Private,Kisumu,76.2,3.9,53.8,68.7,62.4
666,Female,Private,Nairobi,81.7,6.1,41.9,67.2,72.9
667,Female,Public,Laikipia,65.9,7.9,49.9,62.5,68.7
668,Male,Private,Nairobi,77.2,6.1,60.0,64.1,61.3
669,Female,Public,Mombasa,92.7,10.0,69.8,58.0,57.0
670,Female,Private,Nakuru,83.5,11.9,57.8,66.2,54.3
671,Female,Public,Mombasa,70.0,4.7,50.1,56.3,43.1
672,Female,Private,Nairobi,85.0,7.1,65.1,65.7,70.0
673,Female,Public,Kisumu,83.2,4.4,49.0,56.8,52.2
674,Female,Public,Laikipia,72.4,7.4,56.0,61.0,72.1
675,Male,Public,Laikipia,84.5,6.3,57.1,58.5,62.4
676,Female,Private,Nakuru,76.2,4.3,60.5,54.9,59.2
677,Female,Public,Mombasa,71.1,9.5,54.8,63.9,46.3
678,Male,Public,Mombasa,97.2,17.2,63.3,69.2,71.6
679,Female,Public,Nairobi,83.3,9.0,48.4,61.6,61.1
680,Female,Public,Laikipia,66.4,10.5,66.5,66.4,69.6
681,Male,Private,Mombasa,88.7,1.7,52.1,42.7,64.9
682,Female,Private,Nakuru,69.9,13.3,75.5,69.0,63.6
683,Male,Public,Kisumu,79.8,13.3,69.4,50.5,61.2
684,Female,Public,Laikipia,87.1,6.9,63.8,64.4,49.4
685,Female,Public,Nakuru,70.8,10.0,63.6,54.1,54.0
686,Female,Public,Nairobi,90.2,6.2,69.6,56.9,59.7
687,Female,Public,Nairobi,81.3,10.7,67.8,66.4,55.4
688,Female,Public,Kisumu,87.9,6.9,63.8,56.1,57.9
689,Female,Public,Mombasa,76.1,10.9,62.4,70.0,58.5
690,Male,Private,Kisumu,75.6,6.7,50.2,66.2,51.0
691,Male,Public,Nakuru,100.0,15.8,63.9,73.9,85.3
692,Male,Public,Nakuru,86.3,5.6,66.1,55.7,59.7
693,Male,Public,Kisumu,74.6,8.6,60.9,74.8,63.3
694,Female,Public,Laikipia,78.7,7.6,65.2,51.5,60.8
695,Male,Public,Nairobi,85.0,14.3,74.0,87.5,65.9
696,Female,Public,Kisumu,93.4,18.5,71.5,70.6,77.7
697,Female,Public,Kisumu,83.5,4.9,60.0,65.4,43.0
698,Male,Public,Mombasa,63.9,8.3,71.4,59.3,40.4
699,Female,Private,Nairobi,86.9,2.7,59.7,63.2,52.4
700,Female,Public,Mombasa,75.9,11.3,65.6,52.5,66.7
701,Female,Public,Mombasa,94.0,10.5,54.8,59.8,63.7
702,Female,Public,Nakuru,84.0,8.7,70.8,65.5,57.8
703,Male,Public,Nairobi,100.0,10.2,64.2,71.6,74.1
704,Male,Private,Nairobi,83.5,7.7,60.8,55.1,50.7
705,Female,Public,Nairobi,100.0,6.6,65.1,79.0,49.1
706,Female,Private,Nairobi,78.9,5.8,70.3,65.6,65.5
707,Female,Public,Nairobi,77.4,11.0,66.7,59.2,64.4
708,Male,Private,Mombasa,100.0,7.3,73.2,63.6,65.3
709,Male,Public,Mombasa,83.6,4.3,54.7,63.3,50.9
710,Male,Public,Mombasa,73.9,5.4,57.2,48.2,66.4
711,Female,Public,Nairobi,97.9,3.1,45.2,63.8,45.6
712,Female,Private,Kisumu,81.8,9.5,59.4,59.7,58.5
713,Male,Private,Kisumu,89.2,9.6,84.4,69.8,67.8
714,Female,Public,Nairobi,95.9,8.9,68.2,56.1,62.7
715,Male,Private,Nakuru,82.0,9.5,62.5,80.6,59.5
716,Female,Private,Kisumu,84.9,10.0,77.1,73.6,62.8
717,Male,Public,Kisumu,93.0,7.2,68.1,61.9,50.3
718,Male,Public,Kisumu,100.0,2.7,73.2,49.7,69.2
719,Female,Public,Nakuru,84.1,5.2,61.6,58.6,47.3
720,Female,Public,Nakuru,90.5,14.7,64.3,71.3,82.5
721,Female,Public,Nairobi,84.7,10.7,60.7,65.2,57.6
722,Male,Public,Nakuru,80.7,17.5,59.9,71.9,75.8
723,Female,Public,Nairobi,68.2,6.1,45.1,47.5,39.6
724,Male,Public,Mombasa,73.5,12.7,52.3,64.5,68.7
725,Female,Public,Nairobi,83.1,3.5,59.0,53.0,65.0
726,Male,Public,Nairobi,84.9,14.3,59.8,70.5,66.6
727,Male,Public,Nairobi,90.9,11.6,68.3,74.5,80.2
728,Male,Private,Mombasa,86.7,13.6,81.7,68.1,67.2
729,Female,Private,Mombasa,90.6,3.4,70.1,62.0,54.2
730,Female,Public,Nakuru,83.0,10.1,63.3,63.4,55.1
731,Female,Public,Nakuru,64.6,8.3,51.3,79.0,60.2
732,Female,Private,Nairobi,80.0,9.8,57.0,66.2,54.6
733,Female,Public,Kisumu,89.5,13.5,65.7,78.5,75.2
734,Female,Public,Nakuru,90.5,10.5,54.1,62.7,47.3
735,Female,Public,Laikipia,75.3,10.6,55.8,64.0,72.2
736,Male,Private,Nakuru,82.2,11.8,61.7,64.6,71.5
737,Female,Private,Mombasa,85.9,3.9,53.9,68.0,62.3
738,Female,Public,Nakuru,69.4,3.3,59.7,56.9,40.5
739,Female,Private,Laikipia,67.8,11.9,63.8,76.9,69.2
740,Male,Public,Kisumu,91.4,8.4,62.0,65.3,56.2
741,Female,Public,Nakuru,83.4,4.2,67.9,40.8,60.5
742,Female,Public,Laikipia,81.6,11.1,52.8,73.2,62.8
743,Male,Public,Nairobi,82.2,12.8,69.8,64.4,62.5
744,Male,Public,Nairobi,77.2,10.2,74.8,67.7,66.7
745,Male,Public,Mombasa,89.2,11.3,48.3,72.5,77.9
746,Male,Public,Nakuru,83.7,1.5,52.2,45.7,45.9
747,Male,Private,Kisumu,79.2,3.9,65.3,55.8,63.6
748,Female,Private,Nairobi,92.4,14.5,86.6,78.5,76.6
749,Male,Public,Laikipia,89.8,11.1,68.4,70.4,74.5
750,Male,Public,Mombasa,80.5,6.1,57.6,52.3,54.3
751,Female,Public,Nairobi,84.1,8.7,63.7,61.6,68.9
752,Female,Public,Nairobi,81.3,13.0,78.8,71.1,64.0
753,Female,Private,Nakuru,84.7,8.2,64.9,61.8,72.1
754,Female,Private,Mombasa,95.1,12.6,72.6,66.2,76.3
755,Female,Public,Mombasa,82.8,11.3,54.5,70.6,54.1
756,Female,Public,Laikipia,76.8,14.1,61.1,56.2,77.1
757,Male,Public,Laikipia,78.7,9.0,58.4,64.0,69.9
758,Female,Public,Kisumu,84.9,15.8,78.1,89.0,68.3
759,Female,Public,Kisumu,73.7,15.1,62.7,69.7,58.3
760,Female,Private,Nakuru,93.4,11.9,72.0,69.3,73.9
761,Female,Public,Kisumu,65.7,10.0,68.8,66.3,57.8
762,Male,Public,Nairobi,75.1,12.6,69.7,63.3,55.7
763,Female,Public,Nakuru,71.9,8.9,52.8,62.8,46.4
764,Female,Public,Nakuru,71.1,8.3,64.0,60.8,70.1
765,Female,Public,Kisumu,68.8,15.0,64.3,78.6,50.5
766,Female,Public,Laikipia,63.6,15.5,70.0,61.2,60.5
767,Male,Public,Mombasa,82.2,13.5,56.6,66.4,73.9
768,Female,Private,Nakuru,89.1,14.1,73.3,76.3,81.8
769,Male,Private,Nakuru,73.8,7.3,63.4,50.8,58.4
770,Female,Private,Nairobi,77.7,6.1,63.0,70.5,56.3
771,Male,Public,Nairobi,78.2,9.7,42.6,64.0,59.7
772,Female,Public,Nakuru,80.9,8.9,72.9,63.8,65.3
773,Female,Public,Mombasa,78.2,5.0,62.6,54.6,55.2
774,Female,Public,Nakuru,75.9,6.8,44.4,61.1,53.8
775,Male,Public,Kisumu,88.8,8.8,60.7,60.3,70.0
776,Male,Public,Laikipia,75.8,9.4,50.6,54.3,79.5
777,Male,Public,Nairobi,77.9,8.7,50.0,57.9,41.3
778,Male,Public,Nairobi,81.5,4.5,57.0,55.1,47.3
779,Male,Public,Kisumu,88.9,13.0,58.5,66.3,56.3
780,Male,Public,Laikipia,75.6,9.5,55.6,58.2,58.3
781,Male,Public,Nakuru,78.1,1.0,33.0,67.7,35.3
782,Female,Private,Nakuru,92.1,10.8,70.8,75.4,50.3
783,Male,Public,Nairobi,66.1,2.3,36.5,57.6,50.8
784,Male,Public,Laikipia,68.6,6.4,65.1,65.0,63.5
785,Female,Public,Laikipia,67.6,5.4,56.8,64.0,59.1
786,Female,Private,Kisumu,88.7,9.8,70.5,79.5,62.4
787,Male,Public,Kisumu,89.6,18.1,67.4,71.1,76.6
788,Female,Private,Mombasa,81.4,5.9,67.5,64.8,50.7
789,Female,Public,Kisumu,87.2,5.8,57.7,75.2,54.3
790,Male,Private,Mombasa,86.5,15.4,78.3,83.6,63.6
791,Male,Public,Kisumu,91.4,6.6,63.6,54.6,63.4
792,Female,Public,Mombasa,78.5,7.7,50.1,70.6,48.8
793,Female,Public,Nakuru,78.4,8.6,67.2,60.4,58.8
794,Female,Public,Nakuru,91.2,1.6,73.9,67.7,51.3
795,Female,Public,Nairobi,90.1,4.7,53.7,69.4,45.3
796,Female,Public,Mombasa,88.8,8.1,50.4,69.0,51.9
797,Female,Private,Nairobi,75.3,13.0,63.4,59.8,58.2
798,Female,Public,Kisumu,87.3,9.7,56.3,62.8,66.5
799,Female,Public,Kisumu,84.2,12.0,65.8,57.3,45.1
800,Male,Public,Kisumu,84.9,10.3,67.8,69.7,63.8
801,Female,Public,Nairobi,86.5,7.3,67.5,62.5,60.5
802,Male,Private,Nakuru,89.8,11.4,65.0,72.8,74.2
803,Female,Private,Kisumu,94.7,15.5,70.3,64.7,77.2
804,Female,Public,Mombasa,65.4,11.9,61.3,58.8,38.8
805,Male,Public,Nairobi,73.0,9.4,68.4,69.1,70.8
806,Male,Public,Nairobi,71.4,7.2,47.8,67.7,58.0
807,Male,Public,Mombasa,93.6,12.7,72.4,76.1,57.3
808,Male,Public,Nakuru,77.0,8.5,54.8,54.6,55.9
809,Male,Public,Nairobi,82.4,11.7,76.0,67.9,54.3
810,Female,Public,Laikipia,81.1,18.1,68.2,62.6,94.6
811,Female,Public,Mombasa,91.0,9.6,56.3,49.1,68.6
812,Male,Public,Kisumu,84.9,14.6,63.5,72.4,71.3
813,Male,Public,Nairobi,87.3,9.9,47.9,63.8,62.0
814,Female,Private,Kisumu,93.3,5.8,67.0,69.4,74.1
815,Male,Public,Laikipia,68.4,12.2,72.4,59.2,56.1
816,Male,Public,Nakuru,66.3,13.7,62.1,69.2,70.7
817,Male,Public,Nakuru,78.1,5.5,59.1,44.2,51.0
818,Female,Public,Nakuru,81.1,16.1,66.3,65.1,70.3
819,Female,Public,Kisumu,76.5,11.0,73.0,71.3,53.3
820,Female,Public,Laikipia,90.6,11.7,66.8,84.0,60.8
821,Female,Private,Mombasa,80.0,11.4,72.4,86.4,70.3
822,Female,Public,Nairobi,73.9,10.3,73.2,55.8,60.7
823,Female,Public,Nakuru,86.4,11.6,65.7,60.1,52.3
824,Female,Public,Nairobi,66.5,11.4,56.2,62.4,64.4
825,Female,Public,Nairobi,76.2,15.1,71.6,66.9,69.4
826,Male,Public,Laikipia,98.8,12.6,69.0,64.9,74.1
827,Male,Private,Mombasa,100.0,11.4,58.8,63.8,67.5
828,Male,Public,Mombasa,87.4,10.9,67.6,59.2,62.5
829,Male,Public,Laikipia,76.0,13.9,62.9,67.6,59.5
830,Female,Public,Mombasa,65.6,14.9,63.7,76.2,65.5
831,Female,Public,Kisumu,71.4,6.4,64.9,60.9,52.7
832,Male,Private,Kisumu,78.4,4.1,66.7,63.6,50.6
833,Female,Public,Nakuru,90.7,6.4,70.5,55.9,73.7
834,Male,Public,Nairobi,69.5,1.7,53.1,54.4,55.0
835,Male,Public,Nakuru,78.8,14.3,59.2,63.9,67.6
836,Female,Public,Laikipia,91.7,11.8,57.6,55.7,59.8
837,Female,Private,Nairobi,65.6,14.7,63.3,78.6,54.8
838,Female,Public,Kisumu,81.4,10.6,78.9,63.8,64.1
839,Female,Public,Nakuru,87.2,7.8,80.3,64.8,58.0
840,Female,Public,Laikipia,78.3,10.8,69.6,51.5,63.7
841,Female,Public,Nairobi,91.0,8.6,68.4,67.3,64.7
842,Male,Public,Kisumu,89.2,10.3,45.0,62.9,70.2
843,Female,Private,Mombasa,72.0,9.7,64.7,81.8,48.2
844,Female,Public,Mombasa,87.8,10.4,55.3,80.3,65.2
845,Male,Public,Kisumu,80.6,6.9,68.1,62.0,57.1
846,Male,Private,Kisumu,89.1,9.1,73.7,73.7,68.8
847,Male,Public,Nakuru,77.9,9.5,58.1,57.1,56.0
848,Female,Public,Kisumu,88.3,13.9,61.1,60.8,57.9
849,Female,Private,Laikipia,82.1,12.1,69.9,71.2,64.1
850,Male,Private,Mombasa,76.6,9.0,60.3,72.6,62.5
851,Male,Private,Kisumu,94.2,7.1,69.8,66.9,71.0
852,Male,Public,Mombasa,73.0,10.3,56.3,65.8,47.3
853,Male,Private,Nairobi,84.5,12.2,76.4,63.9,56.5
854,Male,Private,Mombasa,80.3,9.6,61.3,59.6,71.8
855,Male,Private,Mombasa,89.0,6.8,63.4,45.9,65.8
856,Male,Public,Mombasa,69.2,6.2,55.3,59.1,55.8
857,Male,Public,Nakuru,84.4,10.3,60.4,73.1,67.2
858,Female,Private,Mombasa,87.1,10.5,72.7,75.0,63.4
859,Female,Private,Mombasa,87.0,4.0,61.9,64.6,64.9
860,Female,Public,Kisumu,77.8,6.9,54.7,41.7,61.8
861,Female,Private,Laikipia,93.0,18.6,69.5,83.0,60.1
862,Male,Public,Kisumu,78.9,12.9,76.3,71.0,60.0
863,Female,Public,Nakuru,85.5,10.4,47.5,70.2,62.0
864,Male,Public,Laikipia,82.3,15.3,48.1,73.5,62.6
865,Female,Public,Nairobi,90.8,10.7,75.6,64.9,63.4
866,Male,Public,Kisumu,78.7,12.0,74.2,64.4,66.5
867,Female,Public,Nakuru,97.0,8.5,51.4,63.4,70.8
868,Female,Public,Kisumu,79.8,1.1,49.5,49.8,50.8
869,Female,Public,Nakuru,80.0,11.8,64.6,73.9,56.7
870,Female,Private,Mombasa,68.3,6.2,58.2,77.0,61.3
871,Female,Public,Nairobi,65.3,15.5,63.4,66.0,76.2
872,Female,Private,Mombasa,98.2,7.2,46.7,63.1,67.9
873,Female,Public,Kisumu,71.4,8.9,64.6,51.9,47.8
874,Female,Public,Nairobi,89.9,10.1,68.9,69.6,68.2
875,Male,Public,Nakuru,76.1,11.5,50.8,72.5,64.9
876,Male,Public,Nakuru,87.9,8.1,56.7,45.0,76.9
877,Female,Public,Nairobi,94.7,3.7,58.9,56.5,67.1
878,Female,Public,Laikipia,89.8,11.5,70.1,59.8,71.5
879,Female,Public,Mombasa,94.3,17.8,71.6,68.6,73.7
880,Male,Public,Nakuru,73.7,7.7,56.7,58.6,69.7
881,Female,Public,Mombasa,89.6,18.3,76.7,71.4,76.0
882,Female,Public,Laikipia,78.0,8.1,63.0,53.6,48.1
883,Female,Public,Laikipia,72.0,3.0,41.9,73.7,58.8
884,Female,Public,Nairobi,88.8,12.1,62.5,63.8,68.8
885,Male,Public,Mombasa,89.8,15.0,69.3,75.4,68.2
886,Male,Public,Laikipia,100.0,14.0,70.1,69.7,72.8
887,Male,Public,Nakuru,85.4,11.6,53.3,71.2,67.7
888,Female,Public,Nakuru,67.0,12.5,73.0,69.4,62.1
889,Male,Public,Nairobi,77.2,15.1,71.2,47.6,67.9
890,Male,Public,Laikipia,91.3,13.2,75.1,67.0,71.7
891,Female,Public,Mombasa,75.8,13.8,62.6,60.1,62.5
892,Male,Private,Kisumu,74.3,6.2,49.2,60.6,66.1
893,Female,Private,Mombasa,96.9,12.8,68.6,72.1,77.3
894,Female,Public,Nairobi,88.6,10.0,54.9,63.7,56.5
895,Female,Private,Mombasa,89.3,11.3,55.3,73.4,72.4
896,Female,Public,Mombasa,79.5,4.6,57.8,53.1,46.1
897,Male,Private,Kisumu,80.3,9.7,71.8,61.4,66.8
898,Female,Public,Mombasa,86.7,8.1,61.1,53.6,54.2
899,Male,Public,Mombasa,85.9,8.7,52.1,75.9,58.0
900,Male,Public,Nairobi,92.3,8.1,64.4,64.4,58.5
901,Female,Public,Nairobi,90.8,13.6,73.8,79.5,55.1
902,Male,Public,Nairobi,100.0,14.2,69.6,67.7,64.3
903,Female,Public,Mombasa,82.6,2.7,47.3,54.5,63.7
904,Male,Public,Kisumu,85.0,11.6,55.8,60.7,67.4
905,Male,Public,Kisumu,85.6,4.1,48.4,59.9,55.6
906,Male,Public,Kisumu,78.4,12.3,70.4,56.9,74.4
907,Female,Public,Mombasa,94.3,12.4,74.6,69.6,64.7
908,Male,Public,Mombasa,77.6,14.2,54.1,79.3,60.5
909,Male,Private,Laikipia,82.0,13.3,54.3,71.0,59.3
910,Female,Private,Nakuru,52.5,10.8,71.5,68.3,62.2
911,Male,Public,Nairobi,88.6,12.4,62.0,67.0,78.5
912,Male,Public,Kisumu,89.5,2.8,46.4,52.0,67.3
913,Male,Public,Nakuru,80.7,12.0,70.2,67.9,55.2
914,Male,Public,Kisumu,89.3,10.0,62.6,70.4,65.4
915,Male,Public,Nairobi,89.5,9.8,59.1,59.1,62.3
916,Male,Public,Kisumu,86.6,6.6,69.4,52.5,48.0
917,Female,Private,Nairobi,91.5,14.2,78.0,64.9,74.8
918,Male,Public,Mombasa,64.6,10.6,56.4,55.2,55.5
919,Male,Private,Nakuru,90.3,3.5,60.3,64.5,39.9
920,Male,Public,Kisumu,83.3,11.3,64.7,64.7,69.8
921,Male,Public,Mombasa,79.3,8.3,57.8,54.3,60.4
922,Male,Public,Nairobi,65.6,11.1,66.5,72.7,68.9
923,Female,Public,Kisumu,77.9,7.6,70.1,42.8,52.0
924,Female,Public,Mombasa,65.2,8.5,44.2,50.7,61.0
925,Male,Public,Mombasa,79.5,7.8,71.9,57.8,62.5
926,Male,Public,Mombasa,82.6,13.0,60.3,62.5,63.5
927,Male,Public,Mombasa,78.4,15.7,78.7,66.6,76.4
928,Female,Private,Laikipia,74.6,11.7,70.6,70.6,63.6
929,Male,Public,Laikipia,83.7,12.6,64.5,74.6,54.8
930,Female,Public,Mombasa,85.2,1.1,43.2,50.5,45.7
931,Male,Public,Nakuru,73.9,8.3,43.1,60.6,54.1
932,Male,Public,Nairobi,89.4,10.8,54.2,60.7,51.2
933,Female,Public,Mombasa,87.2,9.8,69.7,51.3,60.0
934,Male,Private,Kisumu,83.5,9.4,79.6,77.9,55.3
935,Female,Public,Mombasa,79.9,4.1,64.4,57.3,50.3
936,Female,Public,Laikipia,82.9,11.0,69.6,68.8,66.3
937,Male,Public,Laikipia,67.4,13.8,62.1,63.4,51.4
938,Male,Private,Kisumu,96.1,11.4,77.9,65.6,73.8
939,Female,Public,Nakuru,74.4,9.1,58.3,57.6,46.8
940,Female,Public,Nakuru,68.4,9.7,58.7,63.4,53.3
941,Male,Public,Kisumu,79.7,15.8,64.7,74.0,63.2
942,Male,Public,Nakuru,93.2,9.0,56.9,76.6,70.9
943,Male,Private,Nakuru,84.6,8.0,78.6,78.3,58.2
944,Male,Public,Mombasa,95.4,15.0,56.0,73.8,62.5
945,Male,Public,Nakuru,72.5,15.3,61.2,63.8,47.7
946,Female,Private,Nakuru,87.1,8.2,52.0,64.4,64.3
947,Male,Private,Laikipia,88.3,9.3,61.4,67.3,69.2
948,Female,Private,Nakuru,86.2,13.9,64.0,74.3,74.9
949,Male,Public,Nairobi,92.7,9.1,51.0,69.9,52.2
950,Female,Public,Mombasa,71.8,7.9,70.3,63.4,62.4
951,Female,Public,Nairobi,94.9,13.2,69.1,78.3,65.3
952,Male,Private,Kisumu,85.4,18.7,76.9,73.2,85.0
953,Male,Public,Laikipia,88.0,11.0,62.0,56.9,67.9
954,Female,Public,Kisumu,72.3,8.6,46.6,63.8,68.5
955,Male,Public,Kisumu,65.5,6.6,65.9,61.1,48.5
956,Male,Public,Kisumu,83.5,14.6,78.6,69.9,86.5
957,Male,Public,Nakuru,71.2,11.1,74.3,67.6,63.2
958,Female,Private,Nakuru,79.6,15.6,61.3,64.0,69.4
959,Female,Public,Kisumu,67.9,8.2,49.4,43.7,53.2
960,Male,Private,Laikipia,82.5,9.4,78.7,69.8,60.1
961,Male,Public,Kisumu,100.0,13.9,85.5,68.2,62.0
962,Male,Private,Laikipia,82.8,10.9,72.6,77.3,75.8
963,Male,Private,Mombasa,86.7,4.7,60.9,69.8,59.3
964,Female,Private,Nakuru,70.1,12.1,72.2,67.0,65.0
965,Female,Public,Kisumu,81.8,6.2,64.9,59.9,54.9
966,Male,Public,Nakuru,85.9,17.4,66.0,71.5,71.0
967,Male,Public,Laikipia,71.6,7.3,57.3,57.2,66.3
968,Male,Private,Nairobi,78.0,10.4,50.1,73.9,66.9
969,Female,Private,Kisumu,89.8,5.7,67.9,66.6,42.5
970,Female,Public,Mombasa,73.9,8.8,59.1,60.2,64.1
971,Male,Public,Mombasa,81.8,14.1,69.5,67.8,64.9
972,Female,Public,Mombasa,66.1,9.0,43.3,60.5,62.1
973,Male,Private,Nairobi,86.9,12.0,74.1,73.6,71.3
974,Male,Public,Nairobi,87.9,11.9,68.9,75.4,68.0
975,Female,Public,Nairobi,74.7,5.0,50.0,52.3,45.9
976,Female,Public,Mombasa,91.9,15.5,83.6,69.6,64.2
977,Female,Public,Nairobi,90.5,4.7,51.1,55.1,54.9
978,Female,Public,Nakuru,91.2,8.8,59.6,67.8,69.6
979,Female,Public,Nairobi,75.8,11.0,59.1,67.3,59.3
980,Male,Public,Nakuru,84.9,3.4,38.7,55.9,57.3
981,Male,Public,Kisumu,83.6,12.8,63.7,53.5,63.8
982,Female,Public,Kisumu,76.7,10.5,64.7,73.3,53.4
983,Female,Private,Mombasa,66.6,6.1,70.7,57.6,55.4
984,Female,Private,Nairobi,65.6,11.6,79.2,77.1,58.2
985,Male,Private,Nairobi,82.3,8.0,69.5,73.6,69.7
986,Male,Public,Nairobi,79.9,9.9,65.2,56.7,62.7
987,Female,Public,Nakuru,73.9,14.3,58.6,73.2,66.7
988,Female,Public,Mombasa,80.9,9.3,60.3,41.8,60.5
989,Female,Private,Nakuru,82.2,16.1,66.0,82.7,63.7
990,Male,Private,Nairobi,53.5,6.0,52.0,54.7,61.6
991,Female,Public,Nairobi,73.7,10.3,66.6,47.2,59.3
992,Female,Private,Laikipia,78.6,15.9,79.3,73.7,68.7
993,Male,Private,Nakuru,74.4,12.5,53.4,67.5,70.8
994,Male,Private,Nakuru,75.6,7.3,60.8,74.2,68.9
995,Male,Public,Kisumu,74.5,5.3,66.9,60.7,45.5
996,Female,Public,Nakuru,87.0,5.0,58.1,55.7,61.0
997,Male,Public,Nakuru,78.5,6.9,41.3,60.3,56.8
998,Male,Public,Nairobi,76.3,10.8,57.4,71.4,53.1
999,Male,Public,Nairobi,85.7,10.3,72.0,58.8,64.2
1000,Male,Public,Nakuru,80.7,16.4,67.1,84.2,74.2
1001,Female,Public,Mombasa,74.2,11.6,73.8,52.9,54.9
1002,Male,Public,Laikipia,89.6,9.9,65.7,67.5,59.0
1003,Female,Private,Mombasa,83.0,6.0,61.6,67.7,59.3
1004,Female,Private,Nairobi,87.5,15.4,79.1,68.4,54.0
1005,Male,Public,Nakuru,81.8,10.3,45.7,74.3,53.6
1006,Male,Public,Nakuru,88.0,12.5,60.0,71.4,71.2
1007,Female,Public,Nakuru,89.3,9.8,59.3,67.1,73.4
1008,Male,Public,Kisumu,88.4,14.5,70.9,75.4,65.5
1009,Male,Private,Nairobi,80.6,13.5,75.0,50.6,68.4
1010,Female,Public,Nairobi,72.2,7.1,58.7,58.6,60.8
1011,Female,Public,Nairobi,97.1,12.8,74.0,60.2,60.7
1012,Female,Public,Nakuru,84.6,16.9,71.2,69.1,75.9
1013,Male,Public,Kisumu,82.2,17.0,73.2,70.3,59.6
1014,Female,Private,Nakuru,76.2,14.1,83.2,75.5,62.3
1015,Male,Private,Kisumu,92.9,5.6,64.3,70.7,69.1
1016,Female,Public,Mombasa,83.8,7.9,61.9,58.3,57.7
1017,Male,Private,Kisumu,100.0,13.0,67.5,69.2,69.1
1018,Male,Public,Mombasa,77.7,9.3,68.1,59.5,47.4
1019,Male,Public,Kisumu,77.0,11.4,62.7,63.2,70.6
1020,Female,Private,Nairobi,81.0,7.5,71.6,80.5,51.2
1021,Female,Public,Mombasa,89.2,11.1,78.0,59.1,67.8
1022,Female,Private,Kisumu,82.5,17.7,73.5,92.4,62.9
1023,Female,Public,Nakuru,84.9,14.0,62.0,69.8,70.0
1024,Male,Public,Mombasa,84.6,14.1,62.5,80.1,76.2
1025,Male,Public,Mombasa,88.3,10.4,68.2,55.0,66.1
1026,Female,Public,Nairobi,70.0,12.7,60.5,68.6,64.0
1027,Female,Private,Nairobi,74.0,7.5,56.5,68.7,61.6
1028,Male,Public,Kisumu,100.0,14.2,77.0,74.4,68.4
1029,Male,Private,Nakuru,90.9,14.9,72.0,69.0,60.2
1030,Male,Public,Kisumu,82.8,14.5,77.5,68.0,62.9
1031,Male,Public,Nakuru,96.8,12.5,69.9,53.9,66.7
1032,Female,Public,Nakuru,89.5,10.1,66.3,82.2,72.1
1033,Female,Public,Nakuru,90.4,5.9,56.6,51.9,55.0
1034,Female,Public,Nairobi,92.0,11.7,65.7,68.8,60.7
1035,Male,Private,Nairobi,85.2,8.2,58.9,69.1,60.5
1036,Female,Public,Nairobi,76.4,4.7,48.0,56.8,38.4
1037,Male,Public,Laikipia,90.4,16.3,61.8,64.5,67.5
1038,Female,Public,Kisumu,72.6,12.6,65.6,59.7,61.5
1039,Female,Public,Nakuru,81.1,11.3,57.3,58.6,73.9
1040,Male,Public,Nakuru,73.8,7.8,50.0,64.6,65.9
1041,Male,Public,Nairobi,75.9,9.8,55.0,70.8,46.4
1042,Male,Public,Nakuru,71.5,8.3,64.5,70.5,58.2
1043,Male,Public,Laikipia,89.1,6.6,60.9,58.7,57.8
1044,Male,Public,Kisumu,96.1,11.9,73.7,74.9,75.0
1045,Male,Public,Kisumu,86.2,7.6,58.1,59.9,59.3
1046,Male,Public,Mombasa,80.3,15.6,63.4,75.0,70.1
1047,Male,Private,Mombasa,86.4,3.6,40.6,51.6,61.3
1048,Male,Public,Nairobi,87.1,11.2,78.8,59.0,72.6
1049,Male,Private,Kisumu,100.0,14.2,61.1,66.4,63.7
1050,Male,Public,Kisumu,82.3,14.2,76.5,72.5,76.0
1051,Male,Public,Kisumu,75.9,9.9,58.5,54.0,69.0
1052,Male,Public,Laikipia,84.1,7.0,57.5,65.6,52.6
1053,Male,Public,Kisumu,71.8,6.2,64.7,59.8,63.8
1054,Male,Public,Laikipia,82.3,10.3,59.4,55.6,65.0
1055,Female,Public,Mombasa,79.7,8.9,64.8,47.9,49.1
1056,Female,Public,Mombasa,74.5,5.5,58.2,69.9,52.6
1057,Male,Private,Mombasa,84.3,14.5,65.6,64.1,60.1
1058,Female,Public,Mombasa,64.8,6.1,59.3,65.0,64.6
1059,Male,Public,Laikipia,83.1,16.7,67.4,69.0,67.9
1060,Female,Private,Mombasa,100.0,13.0,72.3,60.1,86.0
1061,Female,Private,Mombasa,90.3,3.2,61.7,73.8,61.3
1062,Male,Public,Mombasa,93.6,1.0,56.1,58.4,49.8
1063,Male,Public,Nairobi,94.1,6.0,53.7,53.4,45.6
1064,Male,Public,Kisumu,82.9,6.7,55.0,52.8,51.8
1065,Male,Private,Nairobi,83.4,7.6,56.5,61.4,58.9
1066,Male,Private,Laikipia,93.0,11.9,75.4,64.3,72.7
1067,Male,Private,Kisumu,73.1,10.8,70.6,59.4,57.7
1068,Female,Public,Mombasa,93.3,10.1,52.8,70.8,60.4
1069,Male,Public,Nairobi,88.4,7.8,57.3,67.0,61.0
1070,Male,Public,Nairobi,90.9,12.3,64.7,65.8,70.4
1071,Male,Public,Nakuru,81.8,9.6,60.3,63.3,59.0
1072,Male,Public,Kisumu,90.2,7.9,70.1,55.3,70.8
1073,Female,Private,Nairobi,90.8,6.0,51.0,65.6,60.3
1074,Female,Public,Nakuru,88.0,12.1,64.0,64.5,70.7
1075,Female,Private,Nakuru,69.4,9.8,69.5,70.4,59.6
1076,Female,Private,Kisumu,87.9,11.2,74.0,68.7,77.7
1077,Male,Public,Mombasa,66.4,13.6,74.5,40.1,67.2
1078,Male,Private,Nairobi,85.8,7.1,46.3,68.7,43.5
1079,Female,Private,Nairobi,89.4,10.3,56.7,69.3,72.7
1080,Female,Public,Nakuru,84.5,5.8,52.3,45.7,48.0
1081,Male,Private,Nairobi,96.6,9.2,89.3,73.5,53.5
1082,Male,Public,Nakuru,63.2,9.2,51.9,69.6,67.7
1083,Male,Public,Nairobi,93.7,6.3,53.9,61.0,61.8
1084,Female,Public,Mombasa,97.4,17.4,70.3,78.5,80.4
1085,Male,Private,Mombasa,94.1,13.0,80.7,72.9,72.3
1086,Male,Private,Nairobi,79.8,10.8,58.6,72.0,68.1
1087,Male,Private,Kisumu,93.9,11.1,66.7,61.3,65.1
1088,Female,Private,Kisumu,87.1,11.1,72.7,80.2,77.7
1089,Female,Public,Laikipia,92.6,9.6,57.2,82.9,56.4
1090,Female,Public,Mombasa,88.5,13.6,77.5,61.7,65.3
1091,Female,Public,Mombasa,85.1,7.8,40.4,53.6,69.0
1092,Male,Public,Kisumu,78.7,10.1,74.8,75.9,71.9
1093,Female,Public,Nakuru,71.2,10.4,59.6,65.9,53.3
1094,Male,Public,Nakuru,94.4,14.2,68.1,72.2,74.8
1095,Male,Private,Kisumu,75.9,9.9,72.3,60.5,73.6
1096,Male,Private,Laikipia,82.9,13.9,72.6,80.8,70.3
1097,Female,Private,Mombasa,91.7,3.7,77.9,44.1,67.7
1098,Male,Private,Mombasa,94.8,19.5,72.7,90.0,73.9
1099,Male,Public,Laikipia,93.2,10.4,58.4,70.1,57.0
1100,Male,Public,Mombasa,85.5,7.2,67.3,52.5,66.2
1101,Female,Public,Laikipia,79.9,15.2,61.1,59.8,67.4
1102,Male,Public,Nairobi,86.1,17.7,74.3,66.9,73.3
1103,Male,Public,Kisumu,84.8,12.2,66.4,63.1,74.8
1104,Male,Public,Mombasa,85.2,10.2,61.4,66.2,69.9
1105,Female,Public,Nairobi,77.9,8.6,47.2,71.0,55.0
1106,Female,Public,Kisumu,67.0,10.0,67.3,60.5,68.7
1107,Male,Private,Nakuru,82.1,9.3,64.3,67.7,48.4
1108,Female,Private,Nairobi,86.6,11.0,77.4,62.7,63.7
1109,Female,Public,Nakuru,98.5,13.5,68.7,72.9,76.1
1110,Male,Private,Mombasa,84.7,9.7,67.8,56.5,68.1
1111,Male,Private,Mombasa,83.1,1.5,49.6,60.1,57.6
1112,Female,Public,Nakuru,84.9,8.1,56.2,49.0,55.2
1113,Male,Private,Nakuru,90.4,4.7,45.5,63.6,76.5
1114,Female,Private,Kisumu,78.4,14.4,77.5,78.1,71.6
1115,Male,Public,Nakuru,79.9,7.2,60.1,60.3,50.0
1116,Female,Public,Mombasa,95.6,10.9,62.5,73.3,58.1
1117,Female,Public,Nakuru,90.9,15.3,68.5,83.4,58.4
1118,Female,Public,Laikipia,82.6,8.0,59.1,60.6,49.3
1119,Male,Public,Kisumu,94.5,10.9,64.4,62.7,81.1
1120,Female,Public,Kisumu,85.4,11.7,65.1,58.5,73.2
1121,Male,Private,Nakuru,86.2,7.4,71.5,59.2,62.6
1122,Male,Public,Nairobi,80.3,5.0,55.8,61.2,42.6
1123,Female,Private,Nakuru,79.0,8.1,61.4,54.7,64.6
1124,Male,Public,Nakuru,91.1,8.0,62.3,68.7,40.6
1125,Female,Public,Nairobi,92.5,14.5,74.5,57.0,66.2
1126,Female,Public,Nairobi,69.8,9.6,64.3,71.3,53.6
1127,Male,Public,Nairobi,78.6,9.2,54.1,68.2,74.4
1128,Male,Public,Laikipia,84.0,17.8,75.1,78.8,80.8
1129,Female,Public,Nairobi,86.3,13.8,51.5,79.5,62.1
1130,Female,Public,Kisumu,69.1,7.7,58.8,79.8,55.8
1131,Female,Public,Kisumu,84.4,11.3,59.7,68.1,71.9
1132,Female,Public,Nakuru,79.9,10.2,69.7,76.0,56.2
1133,Male,Public,Nakuru,70.0,5.1,36.1,46.7,53.3
1134,Female,Public,Nakuru,86.2,9.3,68.3,65.0,69.3
1135,Male,Public,Nakuru,87.9,10.2,64.3,59.9,52.7
1136,Male,Public,Nairobi,76.9,10.7,53.1,68.1,54.6
1137,Female,Public,Nairobi,85.6,13.2,64.6,65.4,57.8
1138,Male,Public,Mombasa,86.4,13.4,66.5,75.6,62.1
1139,Male,Private,Mombasa,84.9,14.5,60.7,71.8,63.8
1140,Male,Public,Laikipia,86.4,5.5,44.2,63.0,63.4
1141,Female,Private,Laikipia,82.4,7.5,68.8,55.6,65.0
1142,Male,Public,Nakuru,83.6,13.3,59.6,70.6,68.3
1143,Female,Private,Nairobi,78.1,8.1,56.2,67.9,67.9
1144,Female,Public,Mombasa,85.5,12.6,59.3,67.1,65.7
1145,Female,Private,Mombasa,83.3,18.7,84.8,73.2,83.2
1146,Female,Private,Nakuru,92.8,8.0,57.5,66.0,62.8
1147,Female,Public,Mombasa,80.8,7.0,62.1,67.2,71.5
1148,Female,Public,Laikipia,97.8,9.4,65.0,55.7,69.9
1149,Female,Public,Mombasa,88.8,9.7,60.3,70.2,60.6
1150,Female,Private,Mombasa,88.4,13.9,83.7,72.3,80.6
1151,Female,Public,Nairobi,78.7,6.0,52.7,60.2,49.0
1152,Female,Private,Nakuru,81.9,16.1,63.8,66.3,58.6
1153,Male,Public,Nakuru,79.6,7.8,46.6,51.4,55.1
1154,Male,Private,Nairobi,80.9,13.8,66.1,77.3,63.8
1155,Male,Private,Kisumu,96.5,9.2,69.6,47.4,64.7
1156,Male,Private,Mombasa,79.7,7.8,75.7,63.2,52.0
1157,Male,Public,Nakuru,88.1,9.7,57.3,54.7,49.6
1158,Female,Private,Nairobi,85.6,6.8,65.0,65.1,67.1
1159,Female,Private,Kisumu,80.3,9.8,64.5,69.2,67.4
1160,Male,Private,Nakuru,83.3,4.7,54.8,67.0,52.9
1161,Male,Public,Nairobi,70.5,11.2,58.3,50.8,69.0
1162,Female,Public,Nakuru,74.6,6.1,69.5,57.6,56.6
1163,Female,Public,Nakuru,76.0,6.4,50.3,50.0,52.0
1164,Female,Public,Mombasa,72.1,5.4,62.4,60.2,65.8
1165,Female,Public,Kisumu,89.9,4.2,59.9,60.1,53.6
1166,Female,Public,Mombasa,71.3,6.1,49.0,63.8,57.3
1167,Male,Public,Laikipia,65.3,5.2,45.4,48.2,43.9
1168,Male,Public,Mombasa,90.2,6.9,76.8,59.0,50.5
1169,Male,Public,Kisumu,89.4,13.8,60.5,59.4,52.2
1170,Female,Private,Nairobi,77.1,10.3,81.6,81.1,53.1
1171,Female,Private,Nairobi,83.8,6.6,68.5,68.1,80.0
1172,Male,Public,Nairobi,83.7,11.1,61.3,80.0,70.2
1173,Male,Public,Laikipia,78.5,5.7,55.8,64.8,64.9
1174,Female,Public,Nakuru,60.7,4.7,52.7,58.3,58.7
1175,Female,Public,Nakuru,84.8,13.7,79.6,50.6,61.2
1176,Female,Public,Laikipia,76.3,12.5,53.3,67.6,61.9
1177,Female,Public,Nairobi,79.7,14.6,60.1,44.3,80.1
1178,Male,Public,Kisumu,73.1,7.4,52.0,56.7,53.6
1179,Male,Private,Nakuru,73.5,12.4,61.1,62.6,68.4
1180,Male,Public,Laikipia,80.5,8.9,50.5,45.8,62.1
1181,Male,Private,Nairobi,82.5,7.0,84.7,77.2,54.2
1182,Female,Public,Nakuru,85.4,8.4,62.9,55.0,69.2
1183,Female,Public,Nairobi,86.0,9.0,56.0,54.3,47.3
1184,Female,Public,Nakuru,83.2,13.4,66.6,73.2,58.9
1185,Female,Public,Nakuru,70.4,3.5,48.7,43.5,48.5
1186,Male,Public,Laikipia,71.5,8.5,60.2,60.7,66.9
1187,Male,Public,Nairobi,95.2,9.2,74.3,70.9,52.1
1188,Female,Public,Nairobi,78.9,11.5,75.7,70.7,56.4
1189,Male,Public,Nakuru,89.2,5.9,56.8,62.1,50.4
1190,Female,Public,Nakuru,68.3,9.2,70.0,57.7,49.7
1191,Male,Public,Nakuru,75.3,15.0,79.1,67.8,65.8
1192,Female,Public,Kisumu,73.3,10.0,51.9,74.0,58.7
1193,Female,Public,Kisumu,80.3,7.2,48.5,55.8,50.2
1194,Male,Public,Mombasa,95.9,4.0,63.4,69.9,57.6
1195,Female,Private,Mombasa,79.9,6.3,54.4,65.3,63.3
1196,Female,Public,Laikipia,97.2,9.9,74.3,78.1,67.7
1197,Male,Public,Nakuru,72.0,8.4,49.9,64.9,61.8
1198,Male,Private,Mombasa,76.8,8.8,60.3,72.0,61.3
1199,Male,Private,Nakuru,82.7,18.0,85.5,72.5,76.0
1200,Male,Public,Mombasa,85.5,12.3,51.9,69.4,69.9
